SAMPLE.TUMOR	SAMPLE.NORMAL	variantCaller	CHROM	POS	REF	ALT	start_position	end_position	up_found	up_mh	up_left_start	up_left_end	up_right_start	up_right_end	down_found	down_mh	down_left_start	down_left_end	down_right_start	down_right_end
BREAST560_001	NORMAL_001	Pindel	18	25430449	TC	-	25430449	25430451	False						False					
BREAST560_001	NORMAL_001	Pindel	9	139996194	TG	-	139996194	139996196	False						False					
BREAST560_001	NORMAL_001	Pindel	10	63862807	AC	-	63862807	63862809	True	A	63862807.0	63862806.0	63862810.0	63862809.0	False					
BREAST560_001	NORMAL_001	Pindel	1	16826047	G	-	16826047	16826048	True	T	16826047.0	16826046.0	16826049.0	16826048.0	False					
BREAST560_001	NORMAL_001	Pindel	1	145107982	A	-	145107982	145107983	False						False					
BREAST560_001	NORMAL_001	Pindel	1	146673431	AACT	-	146673431	146673435	False						True	A	146673431.0	146673430.0	146673436.0	146673435.0
BREAST560_001	NORMAL_001	Pindel	1	154751383	A	-	154751383	154751384	False						False					
BREAST560_001	NORMAL_001	Pindel	1	160598693	ACC	-	160598693	160598696	True	A	160598693.0	160598692.0	160598697.0	160598696.0	False					
BREAST560_001	NORMAL_001	Pindel	1	166438369	TGAT	-	166438369	166438373	False						False					
BREAST560_001	NORMAL_001	Pindel	10	13410138	G	-	13410138	13410139	True	T	13410138.0	13410137.0	13410140.0	13410139.0	False					
BREAST560_001	NORMAL_001	Pindel	10	30276015	T	-	30276015	30276016	True	C	30276015.0	30276014.0	30276017.0	30276016.0	False					
BREAST560_001	NORMAL_001	Pindel	10	81992130	T	-	81992130	81992131	False						False					
BREAST560_001	NORMAL_001	Pindel	11	1925927	G	-	1925927	1925928	False						True	G	1925927.0	1925926.0	1925929.0	1925928.0
BREAST560_001	NORMAL_001	Pindel	11	61987139	AAGG	-	61987139	61987143	False						True	A	61987139.0	61987138.0	61987144.0	61987143.0
BREAST560_001	NORMAL_001	Pindel	11	65207568	AAG	-	65207568	65207571	True	A	65207568.0	65207567.0	65207572.0	65207571.0	True	A	65207568.0	65207567.0	65207572.0	65207571.0
BREAST560_001	NORMAL_001	Pindel	12	10893253	CCTCTCTTTTCCAGGCTCTGGC	-	10893253	10893275	False						True	C	10893253.0	10893252.0	10893276.0	10893275.0
BREAST560_001	NORMAL_001	Pindel	12	48555037	AGAC	-	48555037	48555041	True	A	48555037.0	48555036.0	48555042.0	48555041.0	False					
BREAST560_001	NORMAL_001	Pindel	12	60293730	CATAAA	-	60293730	60293736	False						False					
BREAST560_001	NORMAL_001	Pindel	12	68418383	T	-	68418383	68418384	False						True	T	68418383.0	68418382.0	68418385.0	68418384.0
BREAST560_001	NORMAL_001	Pindel	12	87524941	G	-	87524941	87524942	False						False					
BREAST560_001	NORMAL_001	Pindel	12	129836949	TCTG	-	129836949	129836953	False						False					
BREAST560_001	NORMAL_001	Pindel	13	42596636	G	-	42596636	42596637	False						False					
BREAST560_001	NORMAL_001	Pindel	15	27224368	T	-	27224368	27224369	False						True	T	27224368.0	27224367.0	27224370.0	27224369.0
BREAST560_001	NORMAL_001	Pindel	15	37725674	AC	-	37725674	37725676	False						False					
BREAST560_001	NORMAL_001	Pindel	18	27697128	A	-	27697128	27697129	False						False					
BREAST560_001	NORMAL_001	Pindel	19	27972165	T	-	27972165	27972166	True	A	27972165.0	27972164.0	27972167.0	27972166.0	False					
BREAST560_001	NORMAL_001	Pindel	19	29127022	AC	-	29127022	29127024	False						False					
BREAST560_001	NORMAL_001	Pindel	2	9313566	AA	-	9313566	9313568	False						True	AA	9313566.0	9313566.0	9313569.0	9313569.0
BREAST560_001	NORMAL_001	Pindel	2	37117888	AAGT	-	37117888	37117892	False						False					
BREAST560_001	NORMAL_001	Pindel	2	76853308	A	-	76853308	76853309	False						True	A	76853308.0	76853307.0	76853310.0	76853309.0
BREAST560_001	NORMAL_001	Pindel	2	87591600	GATGA	-	87591600	87591605	False						False					
BREAST560_001	NORMAL_001	Pindel	2	205965728	AT	-	205965728	205965730	False						True	A	205965728.0	205965727.0	205965731.0	205965730.0
BREAST560_001	NORMAL_001	Pindel	20	54182767	G	-	54182767	54182768	False						False					
BREAST560_001	NORMAL_001	Pindel	21	39507154	AATA	-	39507154	39507158	False						True	A	39507154.0	39507153.0	39507159.0	39507158.0
BREAST560_001	NORMAL_001	Pindel	4	10273944	T	-	10273944	10273945	False						True	T	10273944.0	10273943.0	10273946.0	10273945.0
BREAST560_001	NORMAL_001	Pindel	4	42428449	CTAAG	-	42428449	42428454	False						True	CT	42428449.0	42428449.0	42428455.0	42428455.0
BREAST560_001	NORMAL_001	Pindel	4	102718710	ATTTATTAAGAACTATTACTTAC	-	102718710	102718733	False						False					
BREAST560_001	NORMAL_001	Pindel	4	103680620	TAAAA	-	103680620	103680625	True	T	103680620.0	103680619.0	103680626.0	103680625.0	False					
BREAST560_001	NORMAL_001	Pindel	4	142866493	C	-	142866493	142866494	True	T	142866493.0	142866492.0	142866495.0	142866494.0	False					
BREAST560_001	NORMAL_001	Pindel	5	12609510	C	-	12609510	12609511	True	T	12609510.0	12609509.0	12609512.0	12609511.0	False					
BREAST560_001	NORMAL_001	Pindel	5	16419313	GA	-	16419313	16419315	False						False					
BREAST560_001	NORMAL_001	Pindel	5	33615374	T	-	33615374	33615375	False						True	T	33615374.0	33615373.0	33615376.0	33615375.0
BREAST560_001	NORMAL_001	Pindel	6	63321449	A	-	63321449	63321450	False						True	A	63321449.0	63321448.0	63321451.0	63321450.0
BREAST560_001	NORMAL_001	Pindel	6	102817165	A	-	102817165	102817166	False						False					
BREAST560_001	NORMAL_001	Pindel	6	110417722	A	-	110417722	110417723	False						True	A	110417722.0	110417721.0	110417724.0	110417723.0
BREAST560_001	NORMAL_001	Pindel	6	146316049	C	-	146316049	146316050	False						True	C	146316049.0	146316048.0	146316051.0	146316050.0
BREAST560_001	NORMAL_001	Pindel	6	158893789	C	-	158893789	158893790	False						False					
BREAST560_001	NORMAL_001	Pindel	7	76097449	CAA	-	76097449	76097452	False						False					
BREAST560_001	NORMAL_001	Pindel	8	3116608	G	-	3116608	3116609	False						False					
BREAST560_001	NORMAL_001	Pindel	8	4403120	G	-	4403120	4403121	False						False					
BREAST560_001	NORMAL_001	Pindel	8	91378698	CTGGACTCTGTATTC	-	91378698	91378713	False						True	CT	91378698.0	91378698.0	91378714.0	91378714.0
BREAST560_001	NORMAL_001	Pindel	9	78506422	C	-	78506422	78506423	True	T	78506422.0	78506421.0	78506424.0	78506423.0	False					
BREAST560_001	NORMAL_001	Pindel	X	50803183	AC	-	50803183	50803185	False						False					
BREAST560_001	NORMAL_001	Pindel	8	124747371	C	-	124747371	124747372	True	A	124747371.0	124747370.0	124747373.0	124747372.0	False					
BREAST560_001	NORMAL_001	Pindel	10	76245980	CT	-	76245980	76245982	False						False					
BREAST560_001	NORMAL_001	Pindel	6	159146359	GT	-	159146359	159146361	False						False					
BREAST560_001	NORMAL_001	Pindel	1	148938296	AT	-	148938296	148938298	True	A	148938296.0	148938295.0	148938299.0	148938298.0	True	A	148938296.0	148938295.0	148938299.0	148938298.0
BREAST560_001	NORMAL_001	Pindel	8	130483354	AG	-	130483354	130483356	False						False					
BREAST560_001	NORMAL_001	Pindel	21	27394182	GTG	-	27394182	27394185	False						False					
BREAST560_001	NORMAL_001	Pindel	1	92845510	ATAA	-	92845510	92845514	False						False					
BREAST560_001	NORMAL_001	Pindel	1	110786274	AG	-	110786274	110786276	False						False					
BREAST560_001	NORMAL_001	Pindel	1	147065838	T	-	147065838	147065839	True	A	147065838.0	147065837.0	147065840.0	147065839.0	False					
BREAST560_001	NORMAL_001	Pindel	1	169077009	A	-	169077009	169077010	False						True	A	169077009.0	169077008.0	169077011.0	169077010.0
BREAST560_001	NORMAL_001	Pindel	10	2065520	GT	-	2065520	2065522	False						False					
BREAST560_001	NORMAL_001	Pindel	10	2143199	AG	-	2143199	2143201	False						False					
BREAST560_001	NORMAL_001	Pindel	10	34944913	GTTC	-	34944913	34944917	True	T	34944913.0	34944912.0	34944918.0	34944917.0	False					
BREAST560_001	NORMAL_001	Pindel	11	133667234	T	-	133667234	133667235	False						True	T	133667234.0	133667233.0	133667236.0	133667235.0
BREAST560_001	NORMAL_001	Pindel	12	123804264	C	-	123804264	123804265	False						False					
BREAST560_001	NORMAL_001	Pindel	12	128298580	A	-	128298580	128298581	False						True	A	128298580.0	128298579.0	128298582.0	128298581.0
BREAST560_001	NORMAL_001	Pindel	13	112741698	C	-	112741698	112741699	False						False					
BREAST560_001	NORMAL_001	Pindel	14	95969671	T	-	95969671	95969672	False						False					
BREAST560_001	NORMAL_001	Pindel	16	13694132	GAGAGGAAGGTGA	-	13694132	13694145	False						False					
BREAST560_001	NORMAL_001	Pindel	17	37499439	AGG	-	37499439	37499442	False						False					
BREAST560_001	NORMAL_001	Pindel	18	40633029	TTC	-	40633029	40633032	False						True	T	40633029.0	40633028.0	40633033.0	40633032.0
BREAST560_001	NORMAL_001	Pindel	18	71975143	ATGCTGCAAAGGGCAAA	-	71975143	71975160	False						True	A	71975143.0	71975142.0	71975161.0	71975160.0
BREAST560_001	NORMAL_001	Pindel	19	32339588	A	-	32339588	32339589	False						True	A	32339588.0	32339587.0	32339590.0	32339589.0
BREAST560_001	NORMAL_001	Pindel	19	56457252	CT	-	56457252	56457254	False						True	C	56457252.0	56457251.0	56457255.0	56457254.0
BREAST560_001	NORMAL_001	Pindel	2	31562735	A	-	31562735	31562736	False						False					
BREAST560_001	NORMAL_001	Pindel	2	52607668	G	-	52607668	52607669	False						True	G	52607668.0	52607667.0	52607670.0	52607669.0
BREAST560_001	NORMAL_001	Pindel	2	173283401	C	-	173283401	173283402	False						True	C	173283401.0	173283400.0	173283403.0	173283402.0
BREAST560_001	NORMAL_001	Pindel	20	14111592	C	-	14111592	14111593	True	T	14111592.0	14111591.0	14111594.0	14111593.0	False					
BREAST560_001	NORMAL_001	Pindel	22	37364837	T	-	37364837	37364838	False						True	T	37364837.0	37364836.0	37364839.0	37364838.0
BREAST560_001	NORMAL_001	Pindel	3	46136801	T	-	46136801	46136802	False						False					
BREAST560_001	NORMAL_001	Pindel	3	145754521	A	-	145754521	145754522	False						True	A	145754521.0	145754520.0	145754523.0	145754522.0
BREAST560_001	NORMAL_001	Pindel	3	147857620	AT	-	147857620	147857622	False						False					
BREAST560_001	NORMAL_001	Pindel	4	38611147	ACTT	-	38611147	38611151	False						False					
BREAST560_001	NORMAL_001	Pindel	4	85336783	A	-	85336783	85336784	False						False					
BREAST560_001	NORMAL_001	Pindel	6	68112505	TG	-	68112505	68112507	False						False					
BREAST560_001	NORMAL_001	Pindel	6	101641424	A	-	101641424	101641425	False						True	A	101641424.0	101641423.0	101641426.0	101641425.0
BREAST560_001	NORMAL_001	Pindel	7	7773989	TTTA	-	7773989	7773993	False						True	TT	7773989.0	7773989.0	7773994.0	7773994.0
BREAST560_001	NORMAL_001	Pindel	7	57630782	AT	-	57630782	57630784	False						False					
BREAST560_001	NORMAL_001	Pindel	7	108302968	AG	-	108302968	108302970	False						False					
BREAST560_001	NORMAL_001	Pindel	8	46910038	G	-	46910038	46910039	False						True	G	46910038.0	46910037.0	46910040.0	46910039.0
BREAST560_001	NORMAL_001	Pindel	8	66691574	A	-	66691574	66691575	False						True	A	66691574.0	66691573.0	66691576.0	66691575.0
BREAST560_001	NORMAL_001	Pindel	8	82382610	AG	-	82382610	82382612	False						False					
BREAST560_001	NORMAL_001	Pindel	8	135896244	TTGATT	-	135896244	135896250	False						False					
BREAST560_001	NORMAL_001	Pindel	9	38264056	A	-	38264056	38264057	False						True	A	38264056.0	38264055.0	38264058.0	38264057.0
BREAST560_001	NORMAL_001	Pindel	X	7504437	TTC	-	7504437	7504440	False						True	T	7504437.0	7504436.0	7504441.0	7504440.0
BREAST560_001	NORMAL_001	Pindel	X	151538516	ATAACATCCATCTTGTAAAGGCTGTCAATATT	-	151538516	151538548	False						False					
BREAST560_001	NORMAL_001	Pindel	1	203544640	T	-	203544640	203544641	False						False					
BREAST560_002	NORMAL_002	Pindel	22	32969939	A	-	32969939	32969940	True	T	32969939.0	32969938.0	32969941.0	32969940.0	False					
BREAST560_002	NORMAL_002	Pindel	3	50186489	G	-	50186489	50186490	True	T	50186489.0	50186488.0	50186491.0	50186490.0	True	G	50186489.0	50186488.0	50186491.0	50186490.0
BREAST560_002	NORMAL_002	Pindel	1	148938296	AT	-	148938296	148938298	True	A	148938296.0	148938295.0	148938299.0	148938298.0	True	A	148938296.0	148938295.0	148938299.0	148938298.0
BREAST560_002	NORMAL_002	Pindel	1	16194092	TTG	-	16194092	16194095	True	T	16194092.0	16194091.0	16194096.0	16194095.0	True	T	16194092.0	16194091.0	16194096.0	16194095.0
BREAST560_002	NORMAL_002	Pindel	1	75538605	G	-	75538605	75538606	False						False					
BREAST560_002	NORMAL_002	Pindel	1	158813785	G	-	158813785	158813786	False						False					
BREAST560_002	NORMAL_002	Pindel	1	175545207	T	-	175545207	175545208	True	A	175545207.0	175545206.0	175545209.0	175545208.0	False					
BREAST560_002	NORMAL_002	Pindel	10	77443263	A	-	77443263	77443264	False						True	A	77443263.0	77443262.0	77443265.0	77443264.0
BREAST560_002	NORMAL_002	Pindel	10	126425889	AA	-	126425889	126425891	False						False					
BREAST560_002	NORMAL_002	Pindel	11	39682223	A	-	39682223	39682224	False						True	A	39682223.0	39682222.0	39682225.0	39682224.0
BREAST560_002	NORMAL_002	Pindel	11	57339523	AAC	-	57339523	57339526	False						True	A	57339523.0	57339522.0	57339527.0	57339526.0
BREAST560_002	NORMAL_002	Pindel	11	81495568	G	-	81495568	81495569	False						False					
BREAST560_002	NORMAL_002	Pindel	11	104973952	ATGACCTAGTCAG	-	104973952	104973965	True	A	104973952.0	104973951.0	104973966.0	104973965.0	False					
BREAST560_002	NORMAL_002	Pindel	11	114084699	TT	-	114084699	114084701	False						True	T	114084699.0	114084698.0	114084702.0	114084701.0
BREAST560_002	NORMAL_002	Pindel	13	31695697	G	-	31695697	31695698	False						False					
BREAST560_002	NORMAL_002	Pindel	13	57869448	T	-	57869448	57869449	False						True	T	57869448.0	57869447.0	57869450.0	57869449.0
BREAST560_002	NORMAL_002	Pindel	15	20026681	A	-	20026681	20026682	True	C	20026681.0	20026680.0	20026683.0	20026682.0	True	A	20026681.0	20026680.0	20026683.0	20026682.0
BREAST560_002	NORMAL_002	Pindel	15	65292724	AT	-	65292724	65292726	False						False					
BREAST560_002	NORMAL_002	Pindel	17	27828260	AG	-	27828260	27828262	True	A	27828260.0	27828259.0	27828263.0	27828262.0	True	A	27828260.0	27828259.0	27828263.0	27828262.0
BREAST560_002	NORMAL_002	Pindel	17	48088440	GTTT	-	48088440	48088444	False						False					
BREAST560_002	NORMAL_002	Pindel	17	76645294	A	-	76645294	76645295	False						True	A	76645294.0	76645293.0	76645296.0	76645295.0
BREAST560_002	NORMAL_002	Pindel	18	14990825	G	-	14990825	14990826	False						True	G	14990825.0	14990824.0	14990827.0	14990826.0
BREAST560_002	NORMAL_002	Pindel	18	23707206	G	-	23707206	23707207	False						True	G	23707206.0	23707205.0	23707208.0	23707207.0
BREAST560_002	NORMAL_002	Pindel	18	26265613	ATA	-	26265613	26265616	False						False					
BREAST560_002	NORMAL_002	Pindel	19	6087954	C	-	6087954	6087955	False						False					
BREAST560_002	NORMAL_002	Pindel	2	21817135	TA	-	21817135	21817137	False						False					
BREAST560_002	NORMAL_002	Pindel	2	67536283	T	-	67536283	67536284	False						True	T	67536283.0	67536282.0	67536285.0	67536284.0
BREAST560_002	NORMAL_002	Pindel	2	82419208	T	-	82419208	82419209	False						True	T	82419208.0	82419207.0	82419210.0	82419209.0
BREAST560_002	NORMAL_002	Pindel	2	141474543	A	-	141474543	141474544	False						True	A	141474543.0	141474542.0	141474545.0	141474544.0
BREAST560_002	NORMAL_002	Pindel	2	158419995	A	-	158419995	158419996	False						True	A	158419995.0	158419994.0	158419997.0	158419996.0
BREAST560_002	NORMAL_002	Pindel	2	185668586	T	-	185668586	185668587	False						True	T	185668586.0	185668585.0	185668588.0	185668587.0
BREAST560_002	NORMAL_002	Pindel	2	212442660	A	-	212442660	212442661	False						False					
BREAST560_002	NORMAL_002	Pindel	20	30122264	TGTGTT	-	30122264	30122270	False						False					
BREAST560_002	NORMAL_002	Pindel	20	57260081	C	-	57260081	57260082	False						True	C	57260081.0	57260080.0	57260083.0	57260082.0
BREAST560_002	NORMAL_002	Pindel	21	10378210	AC	-	10378210	10378212	True	A	10378210.0	10378209.0	10378213.0	10378212.0	False					
BREAST560_002	NORMAL_002	Pindel	21	22259987	T	-	22259987	22259988	False						True	T	22259987.0	22259986.0	22259989.0	22259988.0
BREAST560_002	NORMAL_002	Pindel	21	38894840	TAATT	-	38894840	38894845	False						False					
BREAST560_002	NORMAL_002	Pindel	3	2553367	TTTAC	-	2553367	2553372	True	T	2553367.0	2553366.0	2553373.0	2553372.0	True	TT	2553367.0	2553367.0	2553373.0	2553373.0
BREAST560_002	NORMAL_002	Pindel	3	7833300	T	-	7833300	7833301	False						True	T	7833300.0	7833299.0	7833302.0	7833301.0
BREAST560_002	NORMAL_002	Pindel	3	68800078	C	-	68800078	68800079	False						True	C	68800078.0	68800077.0	68800080.0	68800079.0
BREAST560_002	NORMAL_002	Pindel	3	87651605	A	-	87651605	87651606	False						True	A	87651605.0	87651604.0	87651607.0	87651606.0
BREAST560_002	NORMAL_002	Pindel	3	98119461	A	-	98119461	98119462	False						True	A	98119461.0	98119460.0	98119463.0	98119462.0
BREAST560_002	NORMAL_002	Pindel	3	130904184	T	-	130904184	130904185	False						False					
BREAST560_002	NORMAL_002	Pindel	3	137377486	C	-	137377486	137377487	True	A	137377486.0	137377485.0	137377488.0	137377487.0	False					
BREAST560_002	NORMAL_002	Pindel	3	159838199	A	-	159838199	159838200	False						True	A	159838199.0	159838198.0	159838201.0	159838200.0
BREAST560_002	NORMAL_002	Pindel	3	166042401	G	-	166042401	166042402	True	T	166042401.0	166042400.0	166042403.0	166042402.0	False					
BREAST560_002	NORMAL_002	Pindel	3	173509323	TC	-	173509323	173509325	True	T	173509323.0	173509322.0	173509326.0	173509325.0	True	T	173509323.0	173509322.0	173509326.0	173509325.0
BREAST560_002	NORMAL_002	Pindel	4	26765785	TATT	-	26765785	26765789	False						False					
BREAST560_002	NORMAL_002	Pindel	4	49239216	A	-	49239216	49239217	False						True	A	49239216.0	49239215.0	49239218.0	49239217.0
BREAST560_002	NORMAL_002	Pindel	4	134934267	A	-	134934267	134934268	False						False					
BREAST560_003	NORMAL_003	Pindel	7	109848212	A	-	109848212	109848213	False						True	A	109848212.0	109848211.0	109848214.0	109848213.0
BREAST560_003	NORMAL_003	Pindel	4	98337483	T	-	98337483	98337484	False						True	T	98337483.0	98337482.0	98337485.0	98337484.0
BREAST560_003	NORMAL_003	Pindel	8	55222385	T	-	55222385	55222386	False						True	T	55222385.0	55222384.0	55222387.0	55222386.0
BREAST560_003	NORMAL_003	Pindel	6	156812235	G	-	156812235	156812236	False						True	G	156812235.0	156812234.0	156812237.0	156812236.0
BREAST560_003	NORMAL_003	Pindel	12	73637632	A	-	73637632	73637633	False						True	A	73637632.0	73637631.0	73637634.0	73637633.0
BREAST560_003	NORMAL_003	Pindel	13	70675569	T	-	70675569	70675570	False						True	T	70675569.0	70675568.0	70675571.0	70675570.0
BREAST560_003	NORMAL_003	Pindel	2	236025651	A	-	236025651	236025652	False						True	A	236025651.0	236025650.0	236025653.0	236025652.0
BREAST560_003	NORMAL_003	Pindel	1	4170615	A	-	4170615	4170616	False						True	A	4170615.0	4170614.0	4170617.0	4170616.0
BREAST560_003	NORMAL_003	Pindel	1	7392887	AC	-	7392887	7392889	False						False					
BREAST560_003	NORMAL_003	Pindel	1	18898392	A	-	18898392	18898393	True	T	18898392.0	18898391.0	18898394.0	18898393.0	False					
BREAST560_003	NORMAL_003	Pindel	1	44590715	C	-	44590715	44590716	True	A	44590715.0	44590714.0	44590717.0	44590716.0	False					
BREAST560_003	NORMAL_003	Pindel	1	49437852	T	-	49437852	49437853	False						False					
BREAST560_003	NORMAL_003	Pindel	1	59689105	TGGGGCCTTCCAGAAATGGGTGACACCCATGA	-	59689105	59689137	False						False					
BREAST560_003	NORMAL_003	Pindel	1	60717347	C	-	60717347	60717348	True	G	60717347.0	60717346.0	60717349.0	60717348.0	False					
BREAST560_003	NORMAL_003	Pindel	1	73421104	T	-	73421104	73421105	False						False					
BREAST560_003	NORMAL_003	Pindel	1	83028277	GTTCAGTGAGACATA	-	83028277	83028292	True	G	83028277.0	83028276.0	83028293.0	83028292.0	False					
BREAST560_003	NORMAL_003	Pindel	1	93462592	TTAATATTCGGGGTTTCCCTTTTTC	-	93462592	93462617	False						False					
BREAST560_003	NORMAL_003	Pindel	1	97829109	A	-	97829109	97829110	False						True	A	97829109.0	97829108.0	97829111.0	97829110.0
BREAST560_003	NORMAL_003	Pindel	1	99434280	A	-	99434280	99434281	False						True	A	99434280.0	99434279.0	99434282.0	99434281.0
BREAST560_003	NORMAL_003	Pindel	1	106661874	TTTAAGGTATCAAGCTTAAC	-	106661874	106661894	True	TC	106661873.0	106661873.0	106661894.0	106661894.0	True	T	106661874.0	106661873.0	106661895.0	106661894.0
BREAST560_003	NORMAL_003	Pindel	1	107899560	G	-	107899560	107899561	False						False					
BREAST560_003	NORMAL_003	Pindel	1	115384238	T	-	115384238	115384239	False						True	T	115384238.0	115384237.0	115384240.0	115384239.0
BREAST560_003	NORMAL_003	Pindel	1	151476075	AGATGGGAAGTAGAATCAGC	-	151476075	151476095	False						False					
BREAST560_003	NORMAL_003	Pindel	1	158742235	C	-	158742235	158742236	False						False					
BREAST560_003	NORMAL_003	Pindel	1	160423232	C	-	160423232	160423233	True	T	160423232.0	160423231.0	160423234.0	160423233.0	False					
BREAST560_003	NORMAL_003	Pindel	1	161212091	A	-	161212091	161212092	False						True	A	161212091.0	161212090.0	161212093.0	161212092.0
BREAST560_003	NORMAL_003	Pindel	1	185418115	TGTGTACACCTAACTCAGTGTCTGGCA	-	185418115	185418142	False						False					
BREAST560_003	NORMAL_003	Pindel	1	191086488	TCAGTTACATG	-	191086488	191086499	False						False					
BREAST560_003	NORMAL_003	Pindel	1	211117350	A	-	211117350	211117351	False						True	A	211117350.0	211117349.0	211117352.0	211117351.0
BREAST560_003	NORMAL_003	Pindel	1	211215108	T	-	211215108	211215109	False						True	T	211215108.0	211215107.0	211215110.0	211215109.0
BREAST560_004	NORMAL_004	Pindel	1	7283964	C	-	7283964	7283965	False						False					
BREAST560_004	NORMAL_004	Pindel	1	17633912	TAT	-	17633912	17633915	False						False					
BREAST560_004	NORMAL_004	Pindel	1	21231578	ACC	-	21231578	21231581	False						True	A	21231578.0	21231577.0	21231582.0	21231581.0
BREAST560_004	NORMAL_004	PCAWG_consensus	1	38671035	AT	-	38671035	38671037	False						False					
BREAST560_004	NORMAL_004	PCAWG_consensus	1	41620285	AAAT	-	41620285	41620289	False						True	A	41620285.0	41620284.0	41620290.0	41620289.0
BREAST560_004	NORMAL_004	Pindel	1	67999997	C	-	67999997	67999998	False						False					
BREAST560_004	NORMAL_004	Pindel	1	90352054	TC	-	90352054	90352056	True	TC	90352053.0	90352053.0	90352056.0	90352056.0	False					
BREAST560_004	NORMAL_004	Pindel	1	172204704	C	-	172204704	172204705	False						False					
BREAST560_004	NORMAL_004	Pindel	1	178120933	T	-	178120933	178120934	False						False					
BREAST560_004	NORMAL_004	Pindel	1	193761565	G	-	193761565	193761566	True	T	193761565.0	193761564.0	193761567.0	193761566.0	False					
BREAST560_004	NORMAL_004	Pindel	1	203472098	G	-	203472098	203472099	False						True	G	203472098.0	203472097.0	203472100.0	203472099.0
BREAST560_004	NORMAL_004	PCAWG_consensus	1	220227148	C	-	220227148	220227149	True	T	220227148.0	220227147.0	220227150.0	220227149.0	False					
BREAST560_004	NORMAL_004	Pindel	1	233353400	AA	-	233353400	233353402	False						False					
BREAST560_004	NORMAL_004	PCAWG_consensus	10	11137571	T	-	11137571	11137572	False						False					
BREAST560_004	NORMAL_004	PCAWG_consensus	10	19571134	AAAC	-	19571134	19571138	False						True	A	19571134.0	19571133.0	19571139.0	19571138.0
BREAST560_004	NORMAL_004	Pindel	10	30109414	G	-	30109414	30109415	True	T	30109414.0	30109413.0	30109416.0	30109415.0	False					
BREAST560_004	NORMAL_004	Pindel	10	71366832	AG	-	71366832	71366834	False						False					
BREAST560_004	NORMAL_004	PCAWG_consensus	10	101004632	T	-	101004632	101004633	False						False					
BREAST560_004	NORMAL_004	PCAWG_consensus	10	123988837	GTC	-	123988837	123988840	False						False					
BREAST560_004	NORMAL_004	Pindel	11	8408223	T	-	8408223	8408224	False						False					
BREAST560_004	NORMAL_004	Pindel	11	15207392	TTG	-	15207392	15207395	True	T	15207392.0	15207391.0	15207396.0	15207395.0	True	TT	15207392.0	15207392.0	15207396.0	15207396.0
BREAST560_004	NORMAL_004	Pindel	11	42195508	AA	-	42195508	42195510	False						False					
BREAST560_004	NORMAL_004	Pindel	11	59414992	AAGT	-	59414992	59414996	False						True	A	59414992.0	59414991.0	59414997.0	59414996.0
BREAST560_004	NORMAL_004	Pindel	11	84434848	T	-	84434848	84434849	False						True	T	84434848.0	84434847.0	84434850.0	84434849.0
BREAST560_004	NORMAL_004	PCAWG_consensus	11	96036917	G	-	96036917	96036918	False						False					
BREAST560_004	NORMAL_004	PCAWG_consensus	11	99387468	T	-	99387468	99387469	False						True	T	99387468.0	99387467.0	99387470.0	99387469.0
BREAST560_004	NORMAL_004	PCAWG_consensus	11	112049770	A	-	112049770	112049771	False						True	A	112049770.0	112049769.0	112049772.0	112049771.0
BREAST560_004	NORMAL_004	Pindel	11	120248990	T	-	120248990	120248991	False						True	T	120248990.0	120248989.0	120248992.0	120248991.0
BREAST560_004	NORMAL_004	PCAWG_consensus	12	3525912	A	-	3525912	3525913	False						True	A	3525912.0	3525911.0	3525914.0	3525913.0
BREAST560_004	NORMAL_004	Pindel	12	8309514	A	-	8309514	8309515	True	G	8309514.0	8309513.0	8309516.0	8309515.0	False					
BREAST560_004	NORMAL_004	PCAWG_consensus	12	43324919	TAA	-	43324919	43324922	True	T	43324919.0	43324918.0	43324923.0	43324922.0	False					
BREAST560_004	NORMAL_004	Pindel	12	67985952	T	-	67985952	67985953	False						False					
BREAST560_004	NORMAL_004	Pindel	12	69575352	G	-	69575352	69575353	False						False					
BREAST560_004	NORMAL_004	PCAWG_consensus	12	99137628	T	-	99137628	99137629	False						True	T	99137628.0	99137627.0	99137630.0	99137629.0
BREAST560_004	NORMAL_004	Pindel	13	109088742	TTT	-	109088742	109088745	False						True	TTT	109088742.0	109088743.0	109088746.0	109088747.0
BREAST560_004	NORMAL_004	PCAWG_consensus	14	31432748	G	-	31432748	31432749	False						True	G	31432748.0	31432747.0	31432750.0	31432749.0
BREAST560_004	NORMAL_004	PCAWG_consensus	14	31991583	T	-	31991583	31991584	False						False					
BREAST560_004	NORMAL_004	PCAWG_consensus	14	33508098	TTATC	-	33508098	33508103	False						True	T	33508098.0	33508097.0	33508104.0	33508103.0
BREAST560_004	NORMAL_004	Pindel	14	79250425	C	-	79250425	79250426	True	A	79250425.0	79250424.0	79250427.0	79250426.0	False					
BREAST560_004	NORMAL_004	Pindel	15	48017916	A	-	48017916	48017917	False						True	A	48017916.0	48017915.0	48017918.0	48017917.0
BREAST560_005	NORMAL_005	Pindel	X	83840884	A	-	83840884	83840885	False						True	A	83840884.0	83840883.0	83840886.0	83840885.0
BREAST560_005	NORMAL_005	Pindel	X	96700914	A	-	96700914	96700915	False						True	A	96700914.0	96700913.0	96700916.0	96700915.0
BREAST560_005	NORMAL_005	Pindel	X	99385017	T	-	99385017	99385018	False						True	T	99385017.0	99385016.0	99385019.0	99385018.0
BREAST560_005	NORMAL_005	Pindel	3	103892376	A	-	103892376	103892377	False						True	A	103892376.0	103892375.0	103892378.0	103892377.0
BREAST560_005	NORMAL_005	Pindel	12	47515844	T	-	47515844	47515845	False						True	T	47515844.0	47515843.0	47515846.0	47515845.0
BREAST560_005	NORMAL_005	Pindel	10	55652268	C	-	55652268	55652269	True	A	55652268.0	55652267.0	55652270.0	55652269.0	False					
BREAST560_005	NORMAL_005	Pindel	7	2435822	A	-	2435822	2435823	False						True	A	2435822.0	2435821.0	2435824.0	2435823.0
BREAST560_005	NORMAL_005	Pindel	13	109181753	T	-	109181753	109181754	False						True	T	109181753.0	109181752.0	109181755.0	109181754.0
BREAST560_005	NORMAL_005	Pindel	20	24863163	A	-	24863163	24863164	False						True	A	24863163.0	24863162.0	24863165.0	24863164.0
BREAST560_005	NORMAL_005	Pindel	3	189690402	T	-	189690402	189690403	False						True	T	189690402.0	189690401.0	189690404.0	189690403.0
BREAST560_005	NORMAL_005	Pindel	5	133199024	A	-	133199024	133199025	False						True	A	133199024.0	133199023.0	133199026.0	133199025.0
BREAST560_005	NORMAL_005	Pindel	6	48854348	T	-	48854348	48854349	False						True	T	48854348.0	48854347.0	48854350.0	48854349.0
BREAST560_005	NORMAL_005	Pindel	7	29476511	T	-	29476511	29476512	False						True	T	29476511.0	29476510.0	29476513.0	29476512.0
BREAST560_005	NORMAL_005	Pindel	1	151196703	T	-	151196703	151196704	False						True	T	151196703.0	151196702.0	151196705.0	151196704.0
BREAST560_005	NORMAL_005	Pindel	2	216260858	T	-	216260858	216260859	False						True	T	216260858.0	216260857.0	216260860.0	216260859.0
BREAST560_005	NORMAL_005	Pindel	13	71685645	A	-	71685645	71685646	False						True	A	71685645.0	71685644.0	71685647.0	71685646.0
BREAST560_005	NORMAL_005	Pindel	5	18863014	T	-	18863014	18863015	False						True	T	18863014.0	18863013.0	18863016.0	18863015.0
BREAST560_005	NORMAL_005	Pindel	8	113257048	A	-	113257048	113257049	False						True	A	113257048.0	113257047.0	113257050.0	113257049.0
BREAST560_005	NORMAL_005	Pindel	10	58759539	A	-	58759539	58759540	False						True	A	58759539.0	58759538.0	58759541.0	58759540.0
BREAST560_005	NORMAL_005	Pindel	5	18406846	T	-	18406846	18406847	False						True	T	18406846.0	18406845.0	18406848.0	18406847.0
BREAST560_005	NORMAL_005	Pindel	1	1040886	A	-	1040886	1040887	False						True	A	1040886.0	1040885.0	1040888.0	1040887.0
BREAST560_005	NORMAL_005	Pindel	1	1131530	T	-	1131530	1131531	False						True	T	1131530.0	1131529.0	1131532.0	1131531.0
BREAST560_005	NORMAL_005	Pindel	1	1266836	G	-	1266836	1266837	False						True	G	1266836.0	1266835.0	1266838.0	1266837.0
BREAST560_005	NORMAL_005	Pindel	1	1807751	T	-	1807751	1807752	False						True	T	1807751.0	1807750.0	1807753.0	1807752.0
BREAST560_005	NORMAL_005	Pindel	1	1812035	T	-	1812035	1812036	True	A	1812035.0	1812034.0	1812037.0	1812036.0	True	T	1812035.0	1812034.0	1812037.0	1812036.0
BREAST560_006	NORMAL_006	Pindel	21	10090190	AC	-	10090190	10090192	False						False					
BREAST560_006	NORMAL_006	Pindel	4	178790558	A	-	178790558	178790559	False						False					
BREAST560_006	NORMAL_006	PCAWG_consensus	X	5902422	A	-	5902422	5902423	False						True	A	5902422.0	5902421.0	5902424.0	5902423.0
BREAST560_006	NORMAL_006	PCAWG_consensus	1	97415915	T	-	97415915	97415916	False						True	T	97415915.0	97415914.0	97415917.0	97415916.0
BREAST560_006	NORMAL_006	PCAWG_consensus	1	246567428	AGCTGTAAGTGGAAATTTTTTGCTTTTCGTTATAAA	-	246567428	246567464	False						False					
BREAST560_006	NORMAL_006	PCAWG_consensus	10	1891582	AAAAATAAAATAA	-	1891582	1891595	False						True	A-AAATAAA	1891582.0	1891589.0	1891596.0	1891603.0
BREAST560_006	NORMAL_006	PCAWG_consensus	10	38475118	ACTTGTTTTGTCACAATATTGCCTGAAATATTACATTTAGGATTAGTA	-	38475118	38475166	False						False					
BREAST560_006	NORMAL_006	PCAWG_consensus	10	87866446	ATGATCAGGA	-	87866446	87866456	False						False					
BREAST560_006	NORMAL_006	PCAWG_consensus	10	125389820	GTAACAAGATTCAGGTGCTTCCAT	-	125389820	125389844	False						False					
BREAST560_006	NORMAL_006	PCAWG_consensus	11	60550598	TCAAAGTCAGTCAGTCCTGGCATCAGGGACTATCTGTACAGCCGCTGGC	-	60550598	60550647	False						False					
BREAST560_006	NORMAL_006	PCAWG_consensus	11	81086528	GGCAA	-	81086528	81086533	False						True	G	81086528.0	81086527.0	81086534.0	81086533.0
BREAST560_006	NORMAL_006	PCAWG_consensus	12	2869255	TGCTGTTGCCTGCC	-	2869255	2869269	False						False					
BREAST560_006	NORMAL_006	PCAWG_consensus	12	19574026	CCAAGCACTTTGGAAGA	-	19574026	19574043	False						True	C	19574026.0	19574025.0	19574044.0	19574043.0
BREAST560_006	NORMAL_006	PCAWG_consensus	12	46639118	AAAAATGGCC	-	46639118	46639128	False						False					
BREAST560_006	NORMAL_006	PCAWG_consensus	12	76941488	AATTAAAATGCCAC	-	76941488	76941502	False						True	A	76941488.0	76941487.0	76941503.0	76941502.0
BREAST560_006	NORMAL_006	PCAWG_consensus	12	98369847	AATTTTCATC	-	98369847	98369857	False						True	A	98369847.0	98369846.0	98369858.0	98369857.0
BREAST560_006	NORMAL_006	PCAWG_consensus	14	41565741	ACATTTGGA	-	41565741	41565750	False						True	A	41565741.0	41565740.0	41565751.0	41565750.0
BREAST560_006	NORMAL_006	PCAWG_consensus	14	84823281	ACATAAAAACAGAC	-	84823281	84823295	False						False					
BREAST560_006	NORMAL_006	PCAWG_consensus	15	64694892	TTTTTGTA	-	64694892	64694900	True	T	64694892.0	64694891.0	64694901.0	64694900.0	True	TTTT-GTA	64694892.0	64694898.0	64694901.0	64694907.0
BREAST560_006	NORMAL_006	PCAWG_consensus	15	84913371	T	-	84913371	84913372	False						True	T	84913371.0	84913370.0	84913373.0	84913372.0
BREAST560_006	NORMAL_006	PCAWG_consensus	15	102459087	CTACAAGGGGGAG	-	102459087	102459100	True	C	102459087.0	102459086.0	102459101.0	102459100.0	False					
BREAST560_006	NORMAL_006	PCAWG_consensus	16	52866376	CTGGGAGGTTGAAGAGGCTACAAGACTAA	-	52866376	52866405	True	C	52866376.0	52866375.0	52866406.0	52866405.0	True	CT	52866376.0	52866376.0	52866406.0	52866406.0
BREAST560_006	NORMAL_006	PCAWG_consensus	19	51980814	TTGGA	-	51980814	51980819	False						False					
BREAST560_006	NORMAL_006	PCAWG_consensus	2	27013068	GTTGA	-	27013068	27013073	False						False					
BREAST560_006	NORMAL_006	PCAWG_consensus	2	57619172	ATCCTCTTTAAAGGCAACCTCACTTTTTCTACAGGAAGCTTCTTTCAGTTCCTTCT	-	57619172	57619228	True	A	57619172.0	57619171.0	57619229.0	57619228.0	False					
BREAST560_006	NORMAL_006	PCAWG_consensus	2	84651609	AGTGTTATATTCCAAGAGCAGGATCATGCAA	-	84651609	84651640	False						False					
BREAST560_006	NORMAL_006	PCAWG_consensus	2	98182214	GTGGGAGTGTCAATTAGTTCAACCATT	-	98182214	98182241	True	GTT	98182212.0	98182213.0	98182240.0	98182241.0	False					
BREAST560_006	NORMAL_006	PCAWG_consensus	20	4580591	TAAGTCTTTTATTATATCA	-	4580591	4580610	False						False					
BREAST560_006	NORMAL_006	PCAWG_consensus	20	38166376	ACATTTCCAGGT	-	38166376	38166388	True	A	38166376.0	38166375.0	38166389.0	38166388.0	False					
BREAST560_006	NORMAL_006	PCAWG_consensus	20	40470082	TTTC	-	40470082	40470086	True	T	40470082.0	40470081.0	40470087.0	40470086.0	True	TT	40470082.0	40470082.0	40470087.0	40470087.0
